{"nodes":[{"label":"Performance of The Young Kabbarli 1972","x":957.4899291992188,"y":-376.7109375,"id":"110","attributes":{"Description":"Margaret Sutherland\u0027s opera The Young Kabbarli depicting a story from the life of Daisy Bates featured dancer and singer David Gulpili and didjeridu player Dick Bundilil in 1972 performances by South Australia\u0027s Intimate Opera Group in Adelaide and Melbourne to celebrate Margaret Sutherland\u0027s seventy fifth birthday, with other members of the cast in blackface.","Modularity Class":"6"},"color":"rgb(82,152,170)","size":30.952381134033203},{"label":"Jimmy Yupawanga","x":1382.8988037109375,"y":-364.4619140625,"id":"68","attributes":{"Modularity Class":"3"},"color":"rgb(115,192,0)","size":20.0},{"label":"Yangarin Wunungmurra (Yaŋgarriny Wunucmurra)","x":388.33148193359375,"y":-877.7447509765625,"id":"43","attributes":{"Description":"1945-2015. Yirrkala, Northern Territory","Modularity Class":"1"},"color":"rgb(223,137,255)","size":20.0},{"label":"Aboriginal Theatre Foundation Performance in Osaka 1970","x":928.329833984375,"y":-630.044189453125,"id":"98","attributes":{"Description":"The ATF featured in the Australian contribution to the 1970 International Expo in Osaka, Japan.","Modularity Class":"6"},"color":"rgb(82,152,170)","size":33.333335876464844},{"label":"Horace Wikmunea","x":121.99030303955078,"y":-642.5789184570312,"id":"118","attributes":{"Description":"Weipa South, Queensland.","Modularity Class":"7"},"color":"rgb(255,85,132)","size":20.0},{"label":"Barry Puruntatameri","x":831.6051635742188,"y":-1058.5902099609375,"id":"6","attributes":{"Description":"Bathurst Island, Northern Territory","Modularity Class":"1"},"color":"rgb(223,137,255)","size":20.0},{"label":"Matthew Woneamini","x":203.40139770507812,"y":-1070.75927734375,"id":"11","attributes":{"Description":"Bathurst Island, Northern Territory","Modularity Class":"2"},"color":"rgb(227,228,188)","size":20.952381134033203},{"label":"Walter Kerinaiua","x":165.13792419433594,"y":-932.3255004882812,"id":"13","attributes":{"Description":"Bathurst Island, Northern Territory","Modularity Class":"1"},"color":"rgb(223,137,255)","size":20.0},{"label":"Riki (Rrikin Burarrwaŋa)","x":554.44091796875,"y":-847.3078002929688,"id":"38","attributes":{"Description":"Yirrkala, Northern Territory","Modularity Class":"1"},"color":"rgb(223,137,255)","size":20.0},{"label":"Kenny Burrenjuck","x":-97.68264770507812,"y":-832.5797119140625,"id":"86","attributes":{"Modularity Class":"4"},"color":"rgb(255,136,5)","size":20.0},{"label":"Margaret Didji","x":788.1382446289062,"y":-825.7675170898438,"id":"23","attributes":{"Description":"Daly River, Northern Territory","Modularity Class":"1"},"color":"rgb(223,137,255)","size":20.0},{"label":"Mulun (Muluŋ Yunupiŋu)","x":748.7247314453125,"y":-707.0798950195312,"id":"34","attributes":{"Description":"Yirrkala, Northern Territory","Modularity Class":"6"},"color":"rgb(184,222,226)","size":20.952381134033203},{"label":"Ballet of the South Pacific 1970","x":117.61835479736328,"y":-1158.146728515625,"id":"45","attributes":{"Description":"The Ballet of the South Pacific opened at Her Majesty\u0027s Theatre on 6 April, 1970, bringing together twenty Aboriginal performers from the north with dancers from the Cook Islands.","Modularity Class":"2"},"color":"rgb(170,164,91)","size":34.28571319580078},{"label":"George Winunguj","x":224.82862854003906,"y":-753.6937255859375,"id":"115","attributes":{"Description":"Warruwi, Goulburn Island","Modularity Class":"7"},"color":"rgb(255,85,132)","size":20.952381134033203},{"label":"Mau (Mäw Munuŋgurr)","x":389.92327880859375,"y":-1016.4359130859375,"id":"25","attributes":{"Description":"Yirrkala, Northern Territory","Modularity Class":"1"},"color":"rgb(223,137,255)","size":20.0},{"label":"Banambi Wunungmurra","x":1059.5035400390625,"y":-541.2489013671875,"id":"102","attributes":{"Modularity Class":"6"},"color":"rgb(0,196,255)","size":20.0},{"label":"Michael Baluka","x":-15.856372833251953,"y":-962.7498168945312,"id":"82","attributes":{"Description":"North-East Arnehm Land, Northern Territory","Modularity Class":"4"},"color":"rgb(255,136,5)","size":20.0},{"label":"Regina Portaminni","x":-57.41488265991211,"y":-1200.4061279296875,"id":"47","attributes":{"Description":"Bathurst Island, Northern Territory","Modularity Class":"2"},"color":"rgb(255,232,26)","size":20.0},{"label":"Garmali (Gambali Ŋurruwutthun)","x":381.0091857910156,"y":-807.2275390625,"id":"37","attributes":{"Description":"Yirrkala, Northern Territory","Modularity Class":"1"},"color":"rgb(223,137,255)","size":20.0},{"label":"Leon Puruntatameri","x":107.34951782226562,"y":-1296.125732421875,"id":"49","attributes":{"Description":"Bathurst Island, Northern Territory","Modularity Class":"2"},"color":"rgb(255,232,26)","size":20.0},{"label":"Felix Kantilla","x":423.5640869140625,"y":-1082.6441650390625,"id":"15","attributes":{"Description":"Bathurst Island, Northern Territory","Modularity Class":"1"},"color":"rgb(223,137,255)","size":20.0},{"label":"Djergujergu (Djarrkudjarrku Yunupiŋu)","x":854.142822265625,"y":-999.61376953125,"id":"33","attributes":{"Description":"Yirrkala, Northern Territory","Modularity Class":"1"},"color":"rgb(223,137,255)","size":20.0},{"label":"Larry Bilayna","x":-24.628625869750977,"y":-825.1692504882812,"id":"81","attributes":{"Description":"North-East Arnehm Land, Northern Territory","Modularity Class":"4"},"color":"rgb(255,136,5)","size":20.0},{"label":"Sugar Garbat","x":563.75537109375,"y":-1104.677978515625,"id":"22","attributes":{"Description":"Daly River, Northern Territory","Modularity Class":"1"},"color":"rgb(223,137,255)","size":20.0},{"label":"William Calder Nalagandi","x":216.71434020996094,"y":-1218.7396240234375,"id":"51","attributes":{"Modularity Class":"2"},"color":"rgb(255,232,26)","size":20.0},{"label":"Deimbalibu (Daymbalipu Munuŋgurr)","x":645.6567993164062,"y":-909.6768188476562,"id":"26","attributes":{"Description":"Yirrkala, Northern Territory","Modularity Class":"1"},"color":"rgb(223,137,255)","size":20.0},{"label":"Rusty Moreen","x":-144.3848876953125,"y":-986.1561279296875,"id":"83","attributes":{"Modularity Class":"4"},"color":"rgb(255,136,5)","size":20.0},{"label":"Tommy Moyle","x":62.235267639160156,"y":-875.8941650390625,"id":"88","attributes":{"Modularity Class":"4"},"color":"rgb(255,136,5)","size":20.0},{"label":"Jayila (Djayila Munuŋgurr)","x":304.2133483886719,"y":-804.3551635742188,"id":"42","attributes":{"Description":"Yirrkala, Northern Territory","Modularity Class":"1"},"color":"rgb(223,137,255)","size":20.0},{"label":"Gordon Watt","x":47.76991271972656,"y":-1109.6429443359375,"id":"54","attributes":{"Modularity Class":"2"},"color":"rgb(255,232,26)","size":20.0},{"label":"Talbert Jalkara","x":1146.610595703125,"y":-676.8701782226562,"id":"107","attributes":{"Modularity Class":"6"},"color":"rgb(0,196,255)","size":20.0},{"label":"Henry Jorrock","x":9.048776626586914,"y":-853.0611572265625,"id":"87","attributes":{"Modularity Class":"4"},"color":"rgb(255,136,5)","size":20.0},{"label":"Mosik (Mosec)","x":595.3140258789062,"y":-481.8086242675781,"id":"94","attributes":{"Description":"Belyuen, Northern Territory","Modularity Class":"5"},"color":"rgb(180,196,249)","size":20.952381134033203},{"label":"Wadaymu (Wadaymu Ganambarr)","x":272.1792907714844,"y":-854.336669921875,"id":"40","attributes":{"Description":"Yirrkala, Northern Territory","Modularity Class":"1"},"color":"rgb(223,137,255)","size":20.0},{"label":"Bennie Tipungwuti","x":650.3538818359375,"y":-1180.4842529296875,"id":"3","attributes":{"Description":"Bathurst Island, Northern Territory","Modularity Class":"0"},"color":"rgb(184,221,208)","size":20.952381134033203},{"label":"Barngil (Bäŋgil Munuŋgurr)","x":338.3665466308594,"y":-1059.3101806640625,"id":"31","attributes":{"Description":"Yirrkala, Northern Territory","Modularity Class":"1"},"color":"rgb(223,137,255)","size":20.0},{"label":"Silver Laiwanga","x":1232.3646240234375,"y":-290.49249267578125,"id":"75","attributes":{"Modularity Class":"3"},"color":"rgb(115,192,0)","size":20.0},{"label":"Maureen Moreen","x":-153.6906280517578,"y":-842.1167602539062,"id":"91","attributes":{"Modularity Class":"4"},"color":"rgb(255,136,5)","size":20.0},{"label":"Jackie Lidju-Unga","x":1181.5177001953125,"y":-329.5483093261719,"id":"72","attributes":{"Modularity Class":"3"},"color":"rgb(115,192,0)","size":20.0},{"label":"Rrikin Burarrwanga","x":1016.6114501953125,"y":-696.3107299804688,"id":"100","attributes":{"Modularity Class":"6"},"color":"rgb(0,196,255)","size":20.0},{"label":"Daniel Pauitjimi","x":760.5108032226562,"y":-1082.71923828125,"id":"5","attributes":{"Description":"Bathurst Island, Northern Territory","Modularity Class":"1"},"color":"rgb(223,137,255)","size":20.0},{"label":"Hector Tipungwuti","x":724.30859375,"y":-1152.097412109375,"id":"14","attributes":{"Description":"Bathurst Island, Northern Territory","Modularity Class":"0"},"color":"rgb(184,221,208)","size":20.952381134033203},{"label":"Dundiwoi (Ḏuṉḏiwuy Waṉambi)","x":261.79022216796875,"y":-1021.5488891601562,"id":"41","attributes":{"Description":"Yirrkala, Northern Territory","Modularity Class":"1"},"color":"rgb(223,137,255)","size":20.0},{"label":"Roy Dadayna (Ḏaḏayŋa Marika)","x":759.0794067382812,"y":-1007.5069580078125,"id":"39","attributes":{"Description":"1925-1993. Yirrkala, Northern Territory","Modularity Class":"1"},"color":"rgb(223,137,255)","size":20.0},{"label":"Midpul (AKA Prince Of Wales)","x":-73.27828979492188,"y":-972.2808837890625,"id":"85","attributes":{"Modularity Class":"4"},"color":"rgb(255,136,5)","size":20.0},{"label":"Bokara (Bokarra Maymuru)","x":711.2056884765625,"y":-810.6849975585938,"id":"36","attributes":{"Description":"Yirrkala, Northern Territory","Modularity Class":"1"},"color":"rgb(223,137,255)","size":20.0},{"label":"Frederick Nanganarralil","x":175.0098876953125,"y":-1269.261962890625,"id":"50","attributes":{"Modularity Class":"2"},"color":"rgb(255,232,26)","size":20.0},{"label":"Warrini (Warrinyi Munuŋgurr)","x":622.5831909179688,"y":-1093.505859375,"id":"27","attributes":{"Description":"Yirrkala, Northern Territory","Modularity Class":"1"},"color":"rgb(223,137,255)","size":20.0},{"label":"Narritjin Maymuru","x":528.1143798828125,"y":-717.6194458007812,"id":"24","attributes":{"Description":"Yirrkala, Northern Territory. Narritjin Maymuru (1914-1982) was an artist, activist and performer in the 1963 Aboriginal Theatre. He contributed to the Yirrkala Bark Petitions against bauxite mining on Yolngu Country. His bark painting featured on the Aboriginal Theatre\u0027s program cover, and other works form part of major collections around Australia and in Europe.","Modularity Class":"1"},"color":"rgb(223,137,255)","size":20.0},{"label":"Valentine Pauitjimi","x":463.4380187988281,"y":-1153.1837158203125,"id":"4","attributes":{"Description":"Bathurst Island, Northern Territory","Modularity Class":"1"},"color":"rgb(223,137,255)","size":20.0},{"label":"Arthur Roughsey","x":-17.241676330566406,"y":-1233.4071044921875,"id":"55","attributes":{"Modularity Class":"2"},"color":"rgb(255,232,26)","size":20.0},{"label":"Max Kerinaiua","x":1008.02587890625,"y":-748.7540893554688,"id":"103","attributes":{"Modularity Class":"6"},"color":"rgb(0,196,255)","size":20.0},{"label":"Thomas Gordon","x":-45.44261169433594,"y":-904.4579467773438,"id":"90","attributes":{"Modularity Class":"4"},"color":"rgb(255,136,5)","size":20.0},{"label":"Freddie Puruntatameri","x":840.9777221679688,"y":-890.63037109375,"id":"10","attributes":{"Description":"Bathurst Island, Northern Territory","Modularity Class":"1"},"color":"rgb(223,137,255)","size":20.0},{"label":"Dungala (Dhuŋgala Marika)","x":616.0111694335938,"y":-739.981689453125,"id":"29","attributes":{"Description":"Yirrkala, Northern Territory","Modularity Class":"1"},"color":"rgb(223,137,255)","size":20.0},{"label":"Malakunda ","x":-94.93365478515625,"y":-1029.3699951171875,"id":"92","attributes":{"Modularity Class":"4"},"color":"rgb(255,136,5)","size":20.0},{"label":"Aboriginal Theatre Performance at the 1966 Darwin Festival","x":686.5194091796875,"y":-1287.7579345703125,"id":"111","attributes":{"Description":"The Aboriginal Theatre performed at the 1966 Darwin Festival, 25-28 July.    Performers came from Bathurst Island Mission and Yirrkala Mission.","Modularity Class":"0"},"color":"rgb(82,149,133)","size":31.657142639160156},{"label":"Conrad Paul Tipingwuti","x":358.1681213378906,"y":-928.8296508789062,"id":"9","attributes":{"Description":"Bathurst Island, Northern Territory","Modularity Class":"1"},"color":"rgb(223,137,255)","size":20.0},{"label":"Beeanamu (Bianomu)","x":475.6821594238281,"y":-549.5540161132812,"id":"96","attributes":{"Description":"Belyuen, Northern Territory","Modularity Class":"5"},"color":"rgb(51,84,255)","size":20.0},{"label":"Tourist Corroboree in Darwin Botanic Gardens 1948","x":672.2536010742188,"y":-544.6234130859375,"id":"97","attributes":{"Description":"Documented in the film Doorway to Australia from 1949.","Modularity Class":"5"},"color":"rgb(100,113,170)","size":30.0},{"label":"Justin Puruntatameri","x":871.232421875,"y":-776.212158203125,"id":"17","attributes":{"Description":"Bathurst Island, Northern Territory","Modularity Class":"6"},"color":"rgb(184,222,226)","size":20.952381134033203},{"label":"Johnny Short","x":270.6905822753906,"y":-630.2464599609375,"id":"117","attributes":{"Description":"Lockhart River Queensland","Modularity Class":"7"},"color":"rgb(255,85,132)","size":20.0},{"label":"Dulainga (Rriŋga Yunupingu)","x":885.3817138671875,"y":-931.1810913085938,"id":"35","attributes":{"Description":"Yirrkala, Northern Territory","Modularity Class":"1"},"color":"rgb(223,137,255)","size":20.0},{"label":"Eddie Puruntatameri","x":268.8774108886719,"y":-1125.427001953125,"id":"12","attributes":{"Description":"Bathurst Island, Northern Territory","Modularity Class":"2"},"color":"rgb(227,228,188)","size":20.952381134033203},{"label":"Johnny Wurungu","x":1369.9169921875,"y":-417.24151611328125,"id":"78","attributes":{"Modularity Class":"3"},"color":"rgb(115,192,0)","size":20.0},{"label":"Allan Maralung","x":1378.919189453125,"y":-513.621337890625,"id":"79","attributes":{"Modularity Class":"3"},"color":"rgb(115,192,0)","size":20.0},{"label":"Pageant of Asia Spectacular 1965","x":1291.8499755859375,"y":-386.6123962402344,"id":"58","attributes":{"Description":"In 1965 Rembarrnga, Gunwinggu and Ngalkbun dancers from Beswick settlement were supported by the Aboriginal Elizabethan Theatre Trust to perform as the Aboriginal Theatre in the Pageant of Asia during the Sydney Trade Fair in October 1965.","Modularity Class":"3"},"color":"rgb(122,151,81)","size":38.095237731933594},{"label":"North Australian Eisteddfod Documentary In Song and Dance 1963","x":-137.75384521484375,"y":-903.78857421875,"id":"80","attributes":{"Description":"In Song and Dance was filmed in 1963 to document the eisteddfod and highlighted the multicultural flavour of the event to an extent that was uncharacteristic of Australian media at the time.","Modularity Class":"4"},"color":"rgb(170,131,84)","size":30.4761905670166},{"label":"Harry Kolumboort","x":199.09976196289062,"y":-608.5357666015625,"id":"116","attributes":{"Description":"Wadeye, Northern Territory","Modularity Class":"7"},"color":"rgb(255,85,132)","size":20.0},{"label":"John Yeinidi-Wanga","x":1233.849609375,"y":-224.89512634277344,"id":"73","attributes":{"Modularity Class":"3"},"color":"rgb(115,192,0)","size":20.0},{"label":"Paddy Pamagore","x":1439.3009033203125,"y":-299.5246887207031,"id":"60","attributes":{"Modularity Class":"3"},"color":"rgb(115,192,0)","size":20.0},{"label":"Albert Burunga","x":327.79840087890625,"y":-708.042724609375,"id":"114","attributes":{"Description":"Mowanjum, Western Australia","Modularity Class":"7"},"color":"rgb(255,85,132)","size":20.0},{"label":"Kenbi Dancers","x":-181.3297576904297,"y":-1034.934326171875,"id":"84","attributes":{"Modularity Class":"4"},"color":"rgb(255,136,5)","size":20.0},{"label":"Simon Tipungwuti","x":47.96687316894531,"y":-1263.6077880859375,"id":"48","attributes":{"Description":"Bathurst Island, Northern Territory","Modularity Class":"2"},"color":"rgb(255,232,26)","size":20.0},{"label":"The Aboriginal Theatre 1963","x":559.28857421875,"y":-973.3538818359375,"id":"1","attributes":{"Description":"The Aboriginal Theatre, a new production by the Australian Elizabethan Theatre Trust, was toured to capacity audiences in a two-week run at Newtown’s Elizabethan Theatre in Sydney. The show also played for one-week at St Kilda’s Palais Theatre, Melbourne in December 1963.","Modularity Class":"1"},"color":"rgb(159,131,170)","size":60.0},{"label":"Henry Kerinaiua","x":1146.81982421875,"y":-580.5772094726562,"id":"104","attributes":{"Modularity Class":"6"},"color":"rgb(0,196,255)","size":20.0},{"label":"Felix Wambunyi","x":939.8099365234375,"y":-729.0664672851562,"id":"108","attributes":{"Modularity Class":"6"},"color":"rgb(0,196,255)","size":20.0},{"label":"George Manyita","x":1164.255126953125,"y":-266.7986145019531,"id":"76","attributes":{"Modularity Class":"3"},"color":"rgb(115,192,0)","size":20.0},{"label":"Roger Madaingu","x":1429.224853515625,"y":-452.8092956542969,"id":"74","attributes":{"Modularity Class":"3"},"color":"rgb(115,192,0)","size":20.0},{"label":"Frank Artu Dumoo","x":672.3004760742188,"y":-1069.28955078125,"id":"19","attributes":{"Description":"Daly River, Northern Territory","Modularity Class":"1"},"color":"rgb(223,137,255)","size":20.0},{"label":"Junmal (Djuṉmal Munuŋgurr)","x":436.2637023925781,"y":-823.6683959960938,"id":"32","attributes":{"Description":"Yirrkala, Northern Territory","Modularity Class":"1"},"color":"rgb(223,137,255)","size":20.0},{"label":"Peter Manaberu","x":1281.19677734375,"y":-257.1202087402344,"id":"77","attributes":{"Modularity Class":"3"},"color":"rgb(115,192,0)","size":20.0},{"label":"Colin Worumbu Ferguson","x":32.569461822509766,"y":-927.9938354492188,"id":"89","attributes":{"Modularity Class":"4"},"color":"rgb(255,136,5)","size":20.0},{"label":"Dick Budalil","x":1016.7025146484375,"y":-461.6889343261719,"id":"106","attributes":{"Description":"Well Known Didjeridu Player.","Modularity Class":"6"},"color":"rgb(184,222,226)","size":20.952381134033203},{"label":"Dreyfus Wind Sextet in Musica Viva’s 1971 Spring Festival","x":157.96731567382812,"y":-811.72607421875,"id":"119","attributes":{"Description":"Dreyfus engaged directly with live performances of Aboriginal music, rather than atmospheric effects, causing considerable stir at his work\u0027s premier at a Musica Viva festival. ","Modularity Class":"7"},"color":"rgb(170,113,127)","size":29.200000762939453},{"label":"William Kulangoo","x":1466.8929443359375,"y":-508.6070251464844,"id":"66","attributes":{"Modularity Class":"3"},"color":"rgb(115,192,0)","size":20.0},{"label":"Raphael Napuatimi","x":496.8523864746094,"y":-802.8557739257812,"id":"16","attributes":{"Description":"Bathurst Island, Northern Territory","Modularity Class":"1"},"color":"rgb(223,137,255)","size":20.0},{"label":"Cyril Ninnal","x":112.28654479980469,"y":-1232.0791015625,"id":"57","attributes":{"Description":"Wadeye, Northern Territory","Modularity Class":"2"},"color":"rgb(255,232,26)","size":20.0},{"label":"Les Merikula","x":1392.34375,"y":-290.66357421875,"id":"61","attributes":{"Modularity Class":"3"},"color":"rgb(115,192,0)","size":20.0},{"label":"Lawrence Biellum","x":859.2981567382812,"y":-543.2792358398438,"id":"109","attributes":{"Modularity Class":"6"},"color":"rgb(0,196,255)","size":20.0},{"label":"Jimmy Balk Balk","x":1301.19970703125,"y":-200.56903076171875,"id":"63","attributes":{"Description":"Beswick, Northern Territory","Modularity Class":"3"},"color":"rgb(115,192,0)","size":20.0},{"label":"Jackson Jacob","x":-2.3658790588378906,"y":-1155.193603515625,"id":"52","attributes":{"Modularity Class":"2"},"color":"rgb(255,232,26)","size":20.0},{"label":"Munguli Mununggurr (Monangurr)","x":155.02719116210938,"y":-991.488525390625,"id":"30","attributes":{"Description":"Yirrkala, Northern Territory","Modularity Class":"2"},"color":"rgb(227,228,188)","size":20.952381134033203},{"label":"Skipper Anggilidji","x":443.81732177734375,"y":-749.8309326171875,"id":"21","attributes":{"Description":"Daly River, Northern Territory","Modularity Class":"1"},"color":"rgb(223,137,255)","size":20.0},{"label":"Irene Babui","x":164.5062713623047,"y":-1215.7138671875,"id":"46","attributes":{"Description":"Bathurst Island, Northern Territory","Modularity Class":"2"},"color":"rgb(255,232,26)","size":20.0},{"label":"Williw Maljina","x":1337.369384765625,"y":-237.76609802246094,"id":"62","attributes":{"Modularity Class":"3"},"color":"rgb(115,192,0)","size":20.0},{"label":"Christopher Tipungwuti","x":570.5228881835938,"y":-1216.171630859375,"id":"2","attributes":{"Description":"Bathurst Island, Northern Territory","Modularity Class":"0"},"color":"rgb(184,221,208)","size":20.952381134033203},{"label":"Declan Napuatimi","x":477.4620361328125,"y":-1058.0496826171875,"id":"8","attributes":{"Description":"Bathurst Island, Northern Territory","Modularity Class":"1"},"color":"rgb(223,137,255)","size":20.0},{"label":"Nalakan Wanambi","x":346.9580993652344,"y":-1182.1712646484375,"id":"44","attributes":{"Description":"Yirrkala, Northern Territory","Modularity Class":"2"},"color":"rgb(227,228,188)","size":20.952381134033203},{"label":"Larry Lanley","x":35.66924285888672,"y":-1202.352783203125,"id":"53","attributes":{"Description":"Mornington Island, Queensland","Modularity Class":"2"},"color":"rgb(255,232,26)","size":20.0},{"label":"Tommy Wuki Wuki","x":1458.449462890625,"y":-342.643310546875,"id":"65","attributes":{"Modularity Class":"3"},"color":"rgb(115,192,0)","size":20.0},{"label":"Dhambuljawa Burarrwanga","x":1171.4942626953125,"y":-625.3201904296875,"id":"99","attributes":{"Modularity Class":"6"},"color":"rgb(0,196,255)","size":20.0},{"label":"Mick Yiribuma","x":1440.0098876953125,"y":-394.9795227050781,"id":"70","attributes":{"Modularity Class":"3"},"color":"rgb(115,192,0)","size":20.0},{"label":"Wulurrk Manunggurr","x":836.6546020507812,"y":-608.4452514648438,"id":"101","attributes":{"Modularity Class":"6"},"color":"rgb(0,196,255)","size":20.0},{"label":"David Gulpilil","x":907.4707641601562,"y":-458.5,"id":"105","attributes":{"Description":"1953-2021. Arnehm Land, Northern Territory. Yolngu dancer, actor, storyteller, activist, filmmaker David Gulpilil was a performer in the Aboriginal Theatre in the 1970 Osaka shows, and went on to a career as a groundbreaking actor and dancer. ","Modularity Class":"6"},"color":"rgb(184,222,226)","size":20.952381134033203},{"label":"Billy Lukanau","x":1320.59130859375,"y":-312.80731201171875,"id":"71","attributes":{"Modularity Class":"3"},"color":"rgb(115,192,0)","size":20.0},{"label":"Dermot Tipungwuti","x":783.5231323242188,"y":-1284.2303466796875,"id":"112","attributes":{"Description":"Bathurst Island, Northern Territory","Modularity Class":"0"},"color":"rgb(0,189,148)","size":20.0},{"label":"Darqual (Dhäkuwal Gumana)","x":748.822021484375,"y":-898.47998046875,"id":"28","attributes":{"Description":"Yirrkala, Northern Territory","Modularity Class":"1"},"color":"rgb(223,137,255)","size":20.0},{"label":"Timothy Polipuamini","x":519.4453735351562,"y":-1136.5511474609375,"id":"18","attributes":{"Description":"Bathurst Island, Northern Territory","Modularity Class":"1"},"color":"rgb(223,137,255)","size":20.0},{"label":"Noel Pauntalura","x":354.6929016113281,"y":-1115.7821044921875,"id":"7","attributes":{"Description":"Bathurst Island, Northern Territory","Modularity Class":"1"},"color":"rgb(223,137,255)","size":20.0},{"label":"Djoli Laiwanga","x":1218.5762939453125,"y":-499.89239501953125,"id":"59","attributes":{"Description":"Barunga, Northern Territory. Djoli Laiwanga became a recording artist with the Aboriginal Artists Agency and performer at international festivals  ","Modularity Class":"6"},"color":"rgb(184,222,226)","size":20.952381134033203},{"label":"Performance for Ted Shawn in 1947 Delissaville (now Belyuen)","x":564.3924560546875,"y":-598.5183715820312,"id":"93","attributes":{"Description":"The highlight of Shawn\u0027s visit, widely reported in the media, was a stay of five days at the Aboriginal community of Delissaville (now Belyuen), south of Darwin where Shawn watched performances by thirty dancers.","Modularity Class":"5"},"color":"rgb(100,113,170)","size":32.15238571166992},{"label":"Aboriginal Theatre Foundation Executive Committee","x":211.0283203125,"y":-682.1484985351562,"id":"113","attributes":{"Description":"Many performers from the Australian Elizabethan Trust\u0027s Aboriginal Theatre went on to be involved in a landmark organisation - The Aboriginal Theatre Foundation (ATF). The ATF\u0027s first meeting took place on 22 October 1969, the organisation was incorporated in 1970 and boasted a full program of activities in 1971. By 1972, the organisation was fully run by Aboriginal people. ","Modularity Class":"7"},"color":"rgb(170,113,127)","size":30.209524154663086},{"label":"Dick Lingabani","x":1311.2022705078125,"y":-478.3238220214844,"id":"69","attributes":{"Modularity Class":"3"},"color":"rgb(115,192,0)","size":20.0},{"label":"David Blanasi","x":1128.89892578125,"y":-439.765625,"id":"64","attributes":{"Description":"Jabiru, Northern Territory. Mayali man David Blanasi was a didjeridu virtuoso born around 1930 in Beswick, Arnhem Land, he toured across Australia with the Aboriginal Theatre and built an international performing and teaching career. ","Modularity Class":"6"},"color":"rgb(184,222,226)","size":20.952381134033203},{"label":"Barney Munggin","x":634.422119140625,"y":-822.3490600585938,"id":"20","attributes":{"Description":"1910-?. Daly River, Northern Territory ","Modularity Class":"1"},"color":"rgb(223,137,255)","size":20.0}],"edges":[{"source":"110","target":"106","id":"352","attributes":{},"color":"rgb(8,8,8)","size":1.0},{"source":"1","target":"27","id":"267","attributes":{},"color":"rgb(8,8,8)","size":1.0},{"source":"1","target":"21","id":"261","attributes":{},"color":"rgb(8,8,8)","size":1.0},{"source":"1","target":"20","id":"260","attributes":{},"color":"rgb(8,8,8)","size":1.0},{"source":"58","target":"68","id":"309","attributes":{},"color":"rgb(8,8,8)","size":1.0},{"source":"1","target":"17","id":"257","attributes":{},"color":"rgb(8,8,8)","size":1.0},{"source":"80","target":"88","id":"328","attributes":{},"color":"rgb(8,8,8)","size":1.0},{"source":"1","target":"12","id":"252","attributes":{},"color":"rgb(8,8,8)","size":1.0},{"source":"58","target":"71","id":"312","attributes":{},"color":"rgb(8,8,8)","size":1.0},{"source":"1","target":"39","id":"279","attributes":{},"color":"rgb(8,8,8)","size":1.0},{"source":"58","target":"77","id":"318","attributes":{},"color":"rgb(8,8,8)","size":1.0},{"source":"80","target":"86","id":"326","attributes":{},"color":"rgb(8,8,8)","size":1.0},{"source":"80","target":"89","id":"329","attributes":{},"color":"rgb(8,8,8)","size":1.0},{"source":"1","target":"3","id":"243","attributes":{},"color":"rgb(8,8,8)","size":1.0},{"source":"80","target":"82","id":"322","attributes":{},"color":"rgb(8,8,8)","size":1.0},{"source":"45","target":"12","id":"289","attributes":{},"color":"rgb(8,8,8)","size":1.0},{"source":"1","target":"34","id":"274","attributes":{},"color":"rgb(8,8,8)","size":1.0},{"source":"93","target":"96","id":"334","attributes":{},"color":"rgb(8,8,8)","size":1.0},{"source":"113","target":"115","id":"358","attributes":{},"color":"rgb(8,8,8)","size":1.0},{"source":"45","target":"30","id":"299","attributes":{},"color":"rgb(8,8,8)","size":1.0},{"source":"58","target":"73","id":"314","attributes":{},"color":"rgb(8,8,8)","size":1.0},{"source":"1","target":"5","id":"245","attributes":{},"color":"rgb(8,8,8)","size":1.0},{"source":"80","target":"85","id":"325","attributes":{},"color":"rgb(8,8,8)","size":1.0},{"source":"1","target":"30","id":"270","attributes":{},"color":"rgb(8,8,8)","size":1.0},{"source":"1","target":"32","id":"272","attributes":{},"color":"rgb(8,8,8)","size":1.0},{"source":"58","target":"61","id":"303","attributes":{},"color":"rgb(8,8,8)","size":1.0},{"source":"45","target":"46","id":"285","attributes":{},"color":"rgb(8,8,8)","size":1.0},{"source":"111","target":"3","id":"354","attributes":{},"color":"rgb(8,8,8)","size":1.0},{"source":"1","target":"13","id":"253","attributes":{},"color":"rgb(8,8,8)","size":1.0},{"source":"58","target":"69","id":"310","attributes":{},"color":"rgb(8,8,8)","size":1.0},{"source":"80","target":"83","id":"323","attributes":{},"color":"rgb(8,8,8)","size":1.0},{"source":"1","target":"14","id":"254","attributes":{},"color":"rgb(8,8,8)","size":1.0},{"source":"45","target":"54","id":"295","attributes":{},"color":"rgb(8,8,8)","size":1.0},{"source":"1","target":"16","id":"256","attributes":{},"color":"rgb(8,8,8)","size":1.0},{"source":"1","target":"31","id":"271","attributes":{},"color":"rgb(8,8,8)","size":1.0},{"source":"1","target":"2","id":"242","attributes":{},"color":"rgb(8,8,8)","size":1.0},{"source":"80","target":"91","id":"331","attributes":{},"color":"rgb(8,8,8)","size":1.0},{"source":"1","target":"33","id":"273","attributes":{},"color":"rgb(8,8,8)","size":1.0},{"source":"58","target":"65","id":"307","attributes":{},"color":"rgb(8,8,8)","size":1.0},{"source":"58","target":"59","id":"301","attributes":{},"color":"rgb(8,8,8)","size":1.0},{"source":"1","target":"29","id":"269","attributes":{},"color":"rgb(8,8,8)","size":1.0},{"source":"45","target":"55","id":"296","attributes":{},"color":"rgb(8,8,8)","size":1.0},{"source":"45","target":"44","id":"298","attributes":{},"color":"rgb(8,8,8)","size":1.0},{"source":"98","target":"105","id":"344","attributes":{},"color":"rgb(8,8,8)","size":1.0},{"source":"97","target":"94","id":"335","attributes":{},"color":"rgb(8,8,8)","size":1.0},{"source":"98","target":"104","id":"343","attributes":{},"color":"rgb(8,8,8)","size":1.0},{"source":"1","target":"6","id":"246","attributes":{},"color":"rgb(8,8,8)","size":1.0},{"source":"80","target":"90","id":"330","attributes":{},"color":"rgb(8,8,8)","size":1.0},{"source":"1","target":"40","id":"280","attributes":{},"color":"rgb(8,8,8)","size":1.0},{"source":"1","target":"18","id":"258","attributes":{},"color":"rgb(8,8,8)","size":1.0},{"source":"45","target":"57","id":"300","attributes":{},"color":"rgb(8,8,8)","size":1.0},{"source":"45","target":"50","id":"291","attributes":{},"color":"rgb(8,8,8)","size":1.0},{"source":"58","target":"72","id":"313","attributes":{},"color":"rgb(8,8,8)","size":1.0},{"source":"1","target":"41","id":"281","attributes":{},"color":"rgb(8,8,8)","size":1.0},{"source":"1","target":"10","id":"250","attributes":{},"color":"rgb(8,8,8)","size":1.0},{"source":"1","target":"28","id":"268","attributes":{},"color":"rgb(8,8,8)","size":1.0},{"source":"45","target":"49","id":"290","attributes":{},"color":"rgb(8,8,8)","size":1.0},{"source":"45","target":"53","id":"294","attributes":{},"color":"rgb(8,8,8)","size":1.0},{"source":"58","target":"76","id":"317","attributes":{},"color":"rgb(8,8,8)","size":1.0},{"source":"58","target":"66","id":"308","attributes":{},"color":"rgb(8,8,8)","size":1.0},{"source":"58","target":"60","id":"302","attributes":{},"color":"rgb(8,8,8)","size":1.0},{"source":"58","target":"78","id":"319","attributes":{},"color":"rgb(8,8,8)","size":1.0},{"source":"1","target":"11","id":"251","attributes":{},"color":"rgb(8,8,8)","size":1.0},{"source":"98","target":"64","id":"348","attributes":{},"color":"rgb(8,8,8)","size":1.0},{"source":"98","target":"108","id":"349","attributes":{},"color":"rgb(8,8,8)","size":1.0},{"source":"111","target":"2","id":"353","attributes":{},"color":"rgb(8,8,8)","size":1.0},{"source":"58","target":"70","id":"311","attributes":{},"color":"rgb(8,8,8)","size":1.0},{"source":"1","target":"4","id":"244","attributes":{},"color":"rgb(8,8,8)","size":1.0},{"source":"45","target":"51","id":"292","attributes":{},"color":"rgb(8,8,8)","size":1.0},{"source":"1","target":"24","id":"264","attributes":{},"color":"rgb(8,8,8)","size":1.0},{"source":"1","target":"42","id":"282","attributes":{},"color":"rgb(8,8,8)","size":1.0},{"source":"45","target":"48","id":"287","attributes":{},"color":"rgb(8,8,8)","size":1.0},{"source":"98","target":"59","id":"347","attributes":{},"color":"rgb(8,8,8)","size":1.0},{"source":"1","target":"8","id":"248","attributes":{},"color":"rgb(8,8,8)","size":1.0},{"source":"58","target":"75","id":"316","attributes":{},"color":"rgb(8,8,8)","size":1.0},{"source":"1","target":"15","id":"255","attributes":{},"color":"rgb(8,8,8)","size":1.0},{"source":"45","target":"52","id":"293","attributes":{},"color":"rgb(8,8,8)","size":1.0},{"source":"98","target":"103","id":"342","attributes":{},"color":"rgb(8,8,8)","size":1.0},{"source":"113","target":"116","id":"359","attributes":{},"color":"rgb(8,8,8)","size":1.0},{"source":"1","target":"25","id":"265","attributes":{},"color":"rgb(8,8,8)","size":1.0},{"source":"98","target":"99","id":"336","attributes":{},"color":"rgb(8,8,8)","size":1.0},{"source":"110","target":"105","id":"351","attributes":{},"color":"rgb(8,8,8)","size":1.0},{"source":"80","target":"84","id":"324","attributes":{},"color":"rgb(8,8,8)","size":1.0},{"source":"1","target":"35","id":"275","attributes":{},"color":"rgb(8,8,8)","size":1.0},{"source":"80","target":"87","id":"327","attributes":{},"color":"rgb(8,8,8)","size":1.0},{"source":"98","target":"107","id":"346","attributes":{},"color":"rgb(8,8,8)","size":1.0},{"source":"98","target":"109","id":"350","attributes":{},"color":"rgb(8,8,8)","size":1.0},{"source":"1","target":"23","id":"263","attributes":{},"color":"rgb(8,8,8)","size":1.0},{"source":"1","target":"22","id":"262","attributes":{},"color":"rgb(8,8,8)","size":1.0},{"source":"98","target":"106","id":"345","attributes":{},"color":"rgb(8,8,8)","size":1.0},{"source":"1","target":"36","id":"276","attributes":{},"color":"rgb(8,8,8)","size":1.0},{"source":"98","target":"102","id":"340","attributes":{},"color":"rgb(8,8,8)","size":1.0},{"source":"1","target":"7","id":"247","attributes":{},"color":"rgb(8,8,8)","size":1.0},{"source":"113","target":"117","id":"360","attributes":{},"color":"rgb(8,8,8)","size":1.0},{"source":"98","target":"34","id":"338","attributes":{},"color":"rgb(8,8,8)","size":1.0},{"source":"119","target":"115","id":"362","attributes":{},"color":"rgb(8,8,8)","size":1.0},{"source":"45","target":"11","id":"288","attributes":{},"color":"rgb(8,8,8)","size":1.0},{"source":"93","target":"94","id":"333","attributes":{},"color":"rgb(8,8,8)","size":1.0},{"source":"1","target":"9","id":"249","attributes":{},"color":"rgb(8,8,8)","size":1.0},{"source":"58","target":"79","id":"320","attributes":{},"color":"rgb(8,8,8)","size":1.0},{"source":"111","target":"112","id":"356","attributes":{},"color":"rgb(8,8,8)","size":1.0},{"source":"58","target":"64","id":"306","attributes":{},"color":"rgb(8,8,8)","size":1.0},{"source":"58","target":"74","id":"315","attributes":{},"color":"rgb(8,8,8)","size":1.0},{"source":"80","target":"92","id":"332","attributes":{},"color":"rgb(8,8,8)","size":1.0},{"source":"1","target":"37","id":"277","attributes":{},"color":"rgb(8,8,8)","size":1.0},{"source":"80","target":"81","id":"321","attributes":{},"color":"rgb(8,8,8)","size":1.0},{"source":"1","target":"26","id":"266","attributes":{},"color":"rgb(8,8,8)","size":1.0},{"source":"58","target":"62","id":"304","attributes":{},"color":"rgb(8,8,8)","size":1.0},{"source":"98","target":"101","id":"339","attributes":{},"color":"rgb(8,8,8)","size":1.0},{"source":"1","target":"43","id":"283","attributes":{},"color":"rgb(8,8,8)","size":1.0},{"source":"113","target":"118","id":"361","attributes":{},"color":"rgb(8,8,8)","size":1.0},{"source":"111","target":"14","id":"355","attributes":{},"color":"rgb(8,8,8)","size":1.0},{"source":"113","target":"114","id":"357","attributes":{},"color":"rgb(8,8,8)","size":1.0},{"source":"98","target":"100","id":"337","attributes":{},"color":"rgb(8,8,8)","size":1.0},{"source":"1","target":"44","id":"284","attributes":{},"color":"rgb(8,8,8)","size":1.0},{"source":"1","target":"19","id":"259","attributes":{},"color":"rgb(8,8,8)","size":1.0},{"source":"45","target":"47","id":"286","attributes":{},"color":"rgb(8,8,8)","size":1.0},{"source":"98","target":"17","id":"341","attributes":{},"color":"rgb(8,8,8)","size":1.0},{"source":"1","target":"38","id":"278","attributes":{},"color":"rgb(8,8,8)","size":1.0},{"source":"58","target":"63","id":"305","attributes":{},"color":"rgb(8,8,8)","size":1.0}]}